horas_estudo,frequencia_pct,atividades_entregues,nota_anterior,nota_final
12.0,94.2,6,4.8,7.6
10.4,76.8,5,6.2,7.2
10.8,83.8,10,5.5,7.5
9.2,80.1,9,4.7,7.2
13.4,89.4,9,8.8,9.8
7.7,97.6,7,6.2,6.1
13.0,71.4,4,5.1,4.5
2.3,83.8,10,6.1,6.2
6.9,67.3,7,5.7,6.1
7.9,73.9,10,8.2,7.3
11.8,65.7,9,6.9,8.6
2.7,87.7,9,5.7,6.2
15.7,78.7,4,7.1,8.0
4.8,85.0,7,5.7,5.6
13.8,73.9,9,6.3,8.9
12.3,93.8,8,7.9,8.8
10.8,82.5,6,3.7,5.0
6.0,80.9,8,5.8,6.4
6.4,85.5,9,6.1,7.0
12.4,92.6,10,6.7,8.9
8.7,94.0,10,4.4,6.6
12.8,79.4,9,8.9,10.0
7.3,62.5,9,7.5,6.2
12.2,100.0,8,8.4,9.3
10.7,89.2,7,7.1,8.3
11.0,88.0,9,9.8,10.0
3.8,86.2,9,3.6,6.2
5.3,94.0,8,7.9,7.0
7.6,78.9,9,4.8,6.1
17.4,86.5,10,7.2,10.0
11.3,78.0,3,6.6,6.2
4.5,63.5,10,7.3,7.1
9.3,97.2,10,6.1,8.9
11.5,100.0,10,7.2,10.0
8.1,77.0,8,4.5,6.1
14.9,98.8,5,6.9,9.7
8.4,71.9,10,7.1,7.3
0.9,95.9,6,9.4,6.5
12.8,100.0,7,5.4,9.4
5.1,81.7,5,5.7,3.3
9.1,73.5,5,6.6,5.1
10.4,72.1,10,6.5,8.3
3.4,93.1,9,6.7,6.9
6.0,89.3,6,6.6,5.7
12.1,94.2,10,6.4,9.0
11.7,94.4,7,7.8,7.2
9.5,89.1,10,6.0,8.9
7.2,86.6,9,7.1,7.6
3.7,82.3,7,6.3,6.5
14.5,77.3,8,6.7,8.1
8.7,92.2,7,6.2,7.7
12.9,81.5,10,6.6,9.9
8.9,85.3,6,7.1,7.1
9.8,82.8,10,6.3,7.5
11.2,76.1,8,8.0,7.9
7.9,80.3,6,9.8,6.9
14.3,92.2,10,8.8,10.0
8.6,93.2,6,4.5,6.5
9.0,94.1,8,7.1,7.5
6.6,94.3,9,5.4,6.5
12.0,90.8,7,5.1,7.0
13.5,100.0,10,5.3,10.0
10.0,74.0,7,4.4,6.2
4.1,80.6,9,3.7,6.2
6.9,90.8,7,6.3,6.6
11.4,83.1,4,6.2,5.8
6.2,86.0,7,5.1,6.9
8.2,79.7,8,6.5,7.2
10.0,100.0,10,7.6,9.0
12.2,92.7,6,7.0,8.7
2.4,90.1,9,7.7,6.6
8.1,80.0,8,6.6,7.7
10.6,67.0,9,8.0,7.9
13.6,99.4,8,5.0,9.4
4.6,79.3,7,5.3,6.2
7.8,77.0,10,7.2,7.2
6.8,100.0,5,5.6,5.6
5.9,100.0,7,5.3,5.2
8.6,65.2,9,5.3,5.5
9.1,68.7,6,7.2,5.7
11.4,85.8,4,7.4,6.8
8.2,71.1,5,4.8,5.0
10.4,72.8,9,7.1,8.0
5.2,88.8,8,6.7,7.2
12.6,95.1,8,4.9,8.8
7.2,83.7,7,7.0,6.1
5.2,93.7,6,4.6,6.0
10.6,100.0,10,8.1,10.0
12.4,85.1,10,5.6,9.1
10.7,85.6,8,5.8,7.7
13.0,78.0,10,8.9,10.0
11.3,83.1,9,5.4,7.0
9.3,94.6,9,5.4,8.4
10.5,86.6,9,7.9,9.7
8.4,97.1,9,5.0,8.5
8.4,76.2,10,5.2,6.7
10.6,81.7,9,4.8,7.9
8.3,79.0,9,3.4,5.5
9.1,87.9,10,6.0,7.9
11.7,89.5,10,8.4,9.7
10.1,98.2,10,5.9,7.6
6.1,84.8,6,6.5,6.4
4.5,79.9,7,5.1,5.3
7.2,92.2,7,9.1,7.2
8.8,89.8,9,7.8,7.4
10.1,75.9,10,4.9,7.8
4.5,63.2,10,6.1,6.0
4.3,67.3,5,8.5,4.6
8.3,71.3,7,4.9,5.5
5.8,88.8,8,4.8,5.3
11.8,81.8,8,5.8,8.1
1.3,75.2,10,7.1,5.1
13.3,73.8,10,4.3,8.3
2.4,100.0,10,6.4,6.9
7.4,84.0,9,7.0,7.4
10.1,94.0,7,8.2,9.4
10.5,80.2,9,6.7,7.1
7.3,78.6,7,5.7,6.2
7.7,81.9,10,8.4,9.5
6.5,87.7,7,8.9,7.6
6.9,91.9,9,5.4,7.0
5.1,83.5,9,8.7,8.1
17.6,80.9,9,4.5,9.5
10.8,94.1,5,6.9,7.7
9.4,81.8,9,6.2,8.0
5.3,78.7,7,6.0,6.4
5.8,73.9,9,7.6,6.5
5.7,76.4,10,8.2,6.8
6.1,61.7,7,6.7,6.2
7.2,85.1,10,6.8,7.9
8.7,84.9,6,8.7,7.9
12.9,95.6,5,8.1,8.6
8.0,71.5,9,6.8,6.2
6.9,94.8,7,5.1,7.0
8.0,83.9,9,7.7,7.6
10.9,91.6,8,2.6,6.9
8.0,95.9,7,7.3,7.1
2.0,87.8,10,5.8,7.3
7.7,87.5,6,5.1,5.3
7.3,71.8,9,10.0,7.2
7.3,86.4,8,8.8,7.7
10.4,76.0,8,7.7,8.3
10.0,99.4,9,8.0,9.0
9.9,74.0,8,4.9,6.7
4.6,76.0,10,6.0,6.4
9.8,82.2,7,8.0,7.9
4.6,100.0,9,7.3,7.5
11.4,82.0,10,7.6,9.0
10.8,100.0,8,3.1,6.9
1.2,69.9,10,8.1,6.1
12.0,77.8,9,8.2,8.1
14.3,79.0,8,8.0,8.9
9.0,74.4,5,7.7,6.3
7.9,72.1,9,4.0,6.3
11.2,79.1,9,6.9,8.3
10.0,77.2,6,6.2,6.7
0.6,95.9,10,6.2,6.2
4.0,100.0,6,5.6,5.4
7.7,90.8,5,6.1,6.7
10.6,96.9,10,8.0,10.0
5.8,84.8,7,6.9,6.3
5.3,100.0,9,8.0,8.1
4.9,73.8,8,8.1,6.7
9.0,74.1,9,6.4,7.5
12.5,76.4,7,5.8,7.5
9.0,91.4,7,3.6,6.9
5.6,72.6,9,7.1,7.0
1.5,76.7,9,7.8,5.8
3.3,96.4,6,7.3,5.8
14.1,86.1,7,6.4,8.1
0.7,100.0,7,8.0,4.6
12.6,100.0,10,5.4,10.0
9.0,66.6,6,6.4,6.3
5.7,84.6,10,5.4,6.6
9.1,90.1,10,6.9,9.0
2.8,97.4,9,7.0,7.4
7.6,93.3,8,6.0,6.9
5.3,78.4,5,6.4,4.1
11.2,80.0,10,6.7,7.6
2.6,75.2,10,6.9,6.4
7.9,56.3,8,6.7,6.0
7.7,75.9,4,5.7,3.9
10.1,77.1,4,7.3,6.1
7.7,91.1,9,7.3,8.0
6.0,80.0,7,5.7,6.1
7.9,85.7,5,7.8,6.4
5.3,81.2,9,1.9,5.0
9.7,76.5,10,9.1,9.0
4.8,76.1,9,5.3,5.5
6.6,91.2,9,8.9,8.7
10.0,94.4,5,5.6,6.3
6.1,78.9,8,9.5,8.0
6.6,83.3,8,7.0,6.3
0.0,69.8,9,7.5,4.5
10.1,93.9,9,2.5,6.6
2.6,92.4,6,7.1,6.2
8.7,78.2,9,7.0,9.0
9.0,68.5,9,7.6,8.5
15.4,93.8,8,5.8,9.0
5.3,80.2,9,5.8,6.9
2.0,79.0,10,6.6,5.4
6.1,85.4,9,5.8,6.6
4.3,86.8,7,8.7,7.5
9.1,96.3,4,7.4,6.4
9.9,93.9,8,6.4,8.0
10.7,81.2,7,7.4,8.2
11.0,94.9,8,5.0,7.8
8.9,100.0,7,7.2,7.5
5.5,92.4,10,6.7,7.1
5.1,69.1,9,6.1,5.4
4.9,100.0,4,7.1,4.6
8.5,86.5,8,7.0,8.3
10.2,96.1,8,6.0,8.3
16.1,87.1,7,8.6,10.0
6.6,95.9,9,6.3,7.5
2.3,82.1,8,5.6,4.8
6.8,82.3,9,5.5,6.9
9.8,72.4,6,6.3,6.2
10.1,83.4,10,6.1,9.3
5.3,86.4,5,8.2,5.2
11.8,85.7,5,2.1,4.7
5.7,83.1,8,7.0,6.6
5.8,77.9,5,6.7,6.5
8.8,87.0,8,6.3,7.3
7.8,97.0,9,6.2,8.2
10.5,84.5,6,7.4,8.1
7.3,77.9,7,7.7,6.6
10.9,94.3,4,6.4,6.3
9.3,80.8,6,8.8,7.5
5.4,81.6,5,5.5,4.8
9.6,84.7,10,6.1,8.5
7.9,82.2,10,4.8,6.8
8.9,79.0,8,6.0,8.0
12.8,88.4,4,6.2,6.5
7.4,97.8,10,5.0,8.6
6.2,88.5,8,6.3,6.5
7.3,82.5,10,6.8,8.1
3.4,77.8,3,6.3,4.3
12.4,92.4,10,7.2,8.1
12.6,91.4,9,3.0,7.3
7.3,91.4,8,6.8,6.5
0.0,84.3,7,8.4,4.6
8.1,67.3,10,5.9,7.3
10.5,95.9,6,8.7,9.3
3.2,84.8,9,8.7,7.4
10.4,100.0,9,7.2,8.2
8.1,78.8,8,3.7,6.1
7.1,77.2,10,6.5,7.6
5.8,85.6,9,7.2,8.1
13.9,89.0,10,5.3,9.2
6.6,79.2,7,6.4,6.1
8.1,71.8,8,6.1,7.1
7.9,91.6,6,9.6,8.2
3.4,86.8,6,9.0,5.7
2.8,97.2,9,5.8,6.1
2.6,100.0,9,7.0,6.8
15.1,77.4,6,7.4,8.2
10.1,78.2,9,7.4,7.9
2.6,71.5,9,7.9,5.5
6.8,78.4,7,6.9,5.4
10.9,97.6,5,6.2,7.7
9.1,91.7,6,9.0,7.9
4.9,92.6,8,5.8,6.2
11.1,79.6,10,7.1,8.5
7.4,78.6,4,5.7,5.6
8.0,100.0,8,8.1,8.9
8.0,84.9,8,6.6,7.9
7.3,73.9,10,8.5,8.4
3.6,77.8,2,5.8,3.4
6.5,74.1,10,5.8,5.9
6.9,82.9,8,6.1,6.8
7.6,100.0,7,5.5,6.0
0.0,94.6,7,6.1,4.2
13.8,82.2,7,7.0,8.4
3.5,88.1,5,6.9,4.0
10.5,93.3,6,5.3,7.2
9.8,76.8,7,7.7,7.2
3.1,77.3,9,7.1,4.9
7.5,88.4,4,2.6,5.0
11.6,89.4,10,8.3,10.0
10.1,80.4,8,4.1,6.2
1.0,78.2,7,6.4,3.7
11.3,94.5,8,2.9,6.9
2.3,74.7,9,7.2,4.7
7.7,90.9,7,6.7,7.3
11.3,91.3,6,8.3,9.5
5.1,80.0,5,7.4,5.8
8.8,100.0,8,7.3,7.9
10.0,81.4,10,6.8,8.9
18.8,90.1,9,8.9,10.0
7.5,96.8,10,6.6,8.8
4.9,78.2,10,5.9,6.6
10.3,91.2,10,8.9,8.3
8.1,79.4,8,4.8,6.4
6.7,65.3,6,6.3,4.7
7.7,95.5,4,7.2,5.6
9.6,87.6,4,7.4,6.5
9.2,90.2,8,3.6,5.1
2.5,84.6,6,5.3,5.9
6.2,86.6,7,6.5,7.0
